post_type,post_status,post_title,post_content,post_category,post_thumbnail,download_link
post,publish,Alokik Nay Lokik 2,"Free download or read online Alokik Nay Lokik 2 bangla book from the category of Bangla Rare Books. Portable Document Format (PDF) file size of Alokik Nay Lokik 2 is 12.83 MB. If you want to read online Alokik Nay Lokik 2, please go to (Click For Read Online) button and wait few seconds. All kinds of bangla books and bangla translated books are available in this website. Browse and read/download your favourite Books... Thanks",Bangla Rare Books,http://www.amarbooks.com/thumbs/1468413627.jpg,http://www.amarbooks.com/FreeDownload.php?w=Bangla%20Rare%20Books&f=Alokik%20Nay%20Lokik%202.pdf
post,publish,Alokik Nay Lokik 3,"Free download or read online Alokik Nay Lokik 3 bangla book from the category of Bangla Rare Books. Portable Document Format (PDF) file size of Alokik Nay Lokik 3 is 13.51 MB. If you want to read online Alokik Nay Lokik 3, please go to (Click For Read Online) button and wait few seconds. All kinds of bangla books and bangla translated books are available in this website. Browse and read/download your favourite Books... Thanks",Bangla Rare Books,http://www.amarbooks.com/thumbs/1468413678.jpg,http://www.amarbooks.com/FreeDownload.php?w=Bangla%20Rare%20Books&f=Alokik%20Nay%20Lokik%203.pdf
post,publish,Bangla Peer Shaityer Katha - Girindra Nath Das,"Free download or read online Bangla Peer Shaityer Katha - Girindra Nath Das bangla book from the category of Bangla Rare Books. Portable Document Format (PDF) file size of Bangla Peer Shaityer Katha - Girindra Nath Das is 14.98 MB. If you want to read online Bangla Peer Shaityer Katha - Girindra Nath Das, please go to (Click For Read Online) button and wait few seconds. All kinds of bangla books and bangla translated books are available in this website. Browse and read/download your favourite Books... Thanks",Bangla Rare Books,http://www.amarbooks.com/thumbs/1468422730.jpg,http://www.amarbooks.com/FreeDownload.php?w=Bangla%20Rare%20Books&f=Bangla%20Peer%20Shaityer%20Katha%20-%20Girindra%20Nath%20Das.pdf
post,publish,Beshyaparar 5ti Durlabh Shangraha,"Free download or read online Beshyaparar 5ti Durlabh Shangraha bangla book from the category of Bangla Rare Books. Portable Document Format (PDF) file size of Beshyaparar 5ti Durlabh Shangraha is 14.64 MB. If you want to read online Beshyaparar 5ti Durlabh Shangraha, please go to (Click For Read Online) button and wait few seconds. All kinds of bangla books and bangla translated books are available in this website. Browse and read/download your favourite Books... Thanks",Bangla Rare Books,http://www.amarbooks.com/thumbs/1466645842.jpg,http://www.amarbooks.com/FreeDownload.php?w=Bangla%20Rare%20Books&f=Beshyaparar%205ti%20Durlabh%20Shangraha.pdf
post,publish,Boddh Dram Ka Itihas - Mani Kutla Haaldaar,"Free download or read online Boddh Dram Ka Itihas - Mani Kutla Haaldaar bangla book from the category of Bangla Rare Books. Portable Document Format (PDF) file size of Boddh Dram Ka Itihas - Mani Kutla Haaldaar is 17.72 MB. If you want to read online Boddh Dram Ka Itihas - Mani Kutla Haaldaar, please go to (Click For Read Online) button and wait few seconds. All kinds of bangla books and bangla translated books are available in this website. Browse and read/download your favourite Books... Thanks",Bangla Rare Books,http://www.amarbooks.com/thumbs/1468420179.jpg,http://www.amarbooks.com/FreeDownload.php?w=Bangla%20Rare%20Books&f=Boddh%20Dram%20Ka%20Itihas%20-%20Mani%20Kutla%20Haaldaar.pdf
post,publish,Charitre Ramayan Mahabharat Vol-1,"Free download or read online Charitre Ramayan Mahabharat Vol-1 bangla book from the category of Bangla Rare Books. Portable Document Format (PDF) file size of Charitre Ramayan Mahabharat Vol-1 is 10.29 MB. If you want to read online Charitre Ramayan Mahabharat Vol-1, please go to (Click For Read Online) button and wait few seconds. All kinds of bangla books and bangla translated books are available in this website. Browse and read/download your favourite Books... Thanks",Bangla Rare Books,http://www.amarbooks.com/thumbs/1468414626.jpg,http://www.amarbooks.com/FreeDownload.php?w=Bangla%20Rare%20Books&f=Charitre%20Ramayan%20Mahabharat%20Vol-1.pdf
post,publish,Charitre Ramayan Mahabharat Vol-2,"Free download or read online Charitre Ramayan Mahabharat Vol-2 bangla book from the category of Bangla Rare Books. Portable Document Format (PDF) file size of Charitre Ramayan Mahabharat Vol-2 is 7.25 MB. If you want to read online Charitre Ramayan Mahabharat Vol-2, please go to (Click For Read Online) button and wait few seconds. All kinds of bangla books and bangla translated books are available in this website. Browse and read/download your favourite Books... Thanks",Bangla Rare Books,http://www.amarbooks.com/thumbs/1468414668.jpg,http://www.amarbooks.com/FreeDownload.php?w=Bangla%20Rare%20Books&f=Charitre%20Ramayan%20Mahabharat%20Vol-2.pdf
post,publish,Charitre Ramayan Mahabharat Vol-3,"Free download or read online Charitre Ramayan Mahabharat Vol-3 bangla book from the category of Bangla Rare Books. Portable Document Format (PDF) file size of Charitre Ramayan Mahabharat Vol-3 is 11.53 MB. If you want to read online Charitre Ramayan Mahabharat Vol-3, please go to (Click For Read Online) button and wait few seconds. All kinds of bangla books and bangla translated books are available in this website. Browse and read/download your favourite Books... Thanks",Bangla Rare Books,http://www.amarbooks.com/thumbs/1468414709.jpg,http://www.amarbooks.com/FreeDownload.php?w=Bangla%20Rare%20Books&f=Charitre%20Ramayan%20Mahabharat%20Vol-3.pdf
post,publish,Charitre Ramayan Mahabharat Vol-4,"Free download or read online Charitre Ramayan Mahabharat Vol-4 bangla book from the category of Bangla Rare Books. Portable Document Format (PDF) file size of Charitre Ramayan Mahabharat Vol-4 is 7.73 MB. If you want to read online Charitre Ramayan Mahabharat Vol-4, please go to (Click For Read Online) button and wait few seconds. All kinds of bangla books and bangla translated books are available in this website. Browse and read/download your favourite Books... Thanks",Bangla Rare Books,http://www.amarbooks.com/thumbs/1468414744.jpg,http://www.amarbooks.com/FreeDownload.php?w=Bangla%20Rare%20Books&f=Charitre%20Ramayan%20Mahabharat%20Vol-4.pdf
post,publish,Charitre Ramayan Mahabharat Vol-5,"Free download or read online Charitre Ramayan Mahabharat Vol-5 bangla book from the category of Bangla Rare Books. Portable Document Format (PDF) file size of Charitre Ramayan Mahabharat Vol-5 is 8.27 MB. If you want to read online Charitre Ramayan Mahabharat Vol-5, please go to (Click For Read Online) button and wait few seconds. All kinds of bangla books and bangla translated books are available in this website. Browse and read/download your favourite Books... Thanks",Bangla Rare Books,http://www.amarbooks.com/thumbs/1468414774.jpg,http://www.amarbooks.com/FreeDownload.php?w=Bangla%20Rare%20Books&f=Charitre%20Ramayan%20Mahabharat%20Vol-5.pdf
post,publish,Charitre Ramayan Mahabharat Vol-6,"Free download or read online Charitre Ramayan Mahabharat Vol-6 bangla book from the category of Bangla Rare Books. Portable Document Format (PDF) file size of Charitre Ramayan Mahabharat Vol-6 is 6.6 MB. If you want to read online Charitre Ramayan Mahabharat Vol-6, please go to (Click For Read Online) button and wait few seconds. All kinds of bangla books and bangla translated books are available in this website. Browse and read/download your favourite Books... Thanks",Bangla Rare Books,http://www.amarbooks.com/thumbs/1468414817.jpg,http://www.amarbooks.com/FreeDownload.php?w=Bangla%20Rare%20Books&f=Charitre%20Ramayan%20Mahabharat%20Vol-6.pdf
post,publish,Digha Nikaya - Bhikshu Shilbhadra,"Free download or read online Digha Nikaya - Bhikshu Shilbhadra bangla book from the category of Bangla Rare Books. Portable Document Format (PDF) file size of Digha Nikaya - Bhikshu Shilbhadra is 20.22 MB. If you want to read online Digha Nikaya - Bhikshu Shilbhadra, please go to (Click For Read Online) button and wait few seconds. All kinds of bangla books and bangla translated books are available in this website. Browse and read/download your favourite Books... Thanks",Bangla Rare Books,http://www.amarbooks.com/thumbs/1468419819.jpg,http://www.amarbooks.com/FreeDownload.php?w=Bangla%20Rare%20Books&f=Digha%20Nikaya%20-%20Bhikshu%20Shilbhadra.pdf
